﻿<?xml version="1.0" encoding="utf-8"?><ComSetting xmlns:xsi="http://www.w3.org/2001/XMLSchema-instance" xmlns:xsd="http://www.w3.org/2001/XMLSchema"><AnalogQuantityCom>Com2</AnalogQuantityCom><Temperature>0</Temperature><Light>1</Light><Humidity>2</Humidity><Wind>3</Wind><AirPressure>4</AirPressure><CO2>6</CO2><AirQuality>7</AirQuality><DigitalQuantityCom>Com2</DigitalQuantityCom><InfraredValue>4</InfraredValue><SmokeValue>2</SmokeValue><FireValue>1</FireValue><BodyInfraredValue>0</BodyInfraredValue><ZigbeeCom>Com3</ZigbeeCom><WaterLevel>-1</WaterLevel><WaterTemperature>-1</WaterTemperature><SoilMoisture>-1</SoilMoisture><SoilTemperatuer>-1</SoilTemperatuer><Watt_hourMeterCom>Com4</Watt_hourMeterCom><LedCom>Com5</LedCom></ComSetting>